<?xml version="1.0" encoding="UTF-8" ?>
<templates>
    <t t-name="inventory_dashboard.InventoryDashboard">
        <div class=""
             style="overflow-y:auto; max-height: 100vh; padding: 50px; overflow-x:auto;">
            <div class="form-group col-2" id="top_product_button" style="float:right; width:100px;">
<!--                <select class="filter_selection o_input me-5" style="margin-left:1350px" required="true">&ndash;&gt;-->
<!--                        t-on-change="_onchange_selection" id="filter_selection">-->
                <select id="filter_selection"
                        t-on-change="selected_time_period"
                        style="color:black; " t-ref="filter">
                    <option id="this_year"
                            value="this_year">This Year
                    </option>
                    <option id="this_month"
                            value="this_month">This Month
                    </option>
                    <option id="this_week"
                            value="this_week">This Week
                    </option>
                </select>
            </div>

            <!--incoming stock product wise Tile-->
            <div class="row main-section" style="margin-left: 70px; ">
                <div id="incoming_tile" class="col-md-4 col-sm-6 tot_tasks oh-payslip"
                     style=" overflow: hidden; padding-top: 30px;" t-on-click="redirectToIncoming">
                    <div class="oh-card" style="box-shadow:2px 4px 8px 2px rgba(0,0,0.3,0.2);
                display: flex; justify-content: center;" role="button">
                        <div class="oh-card-body"
                             style="padding: 5px 5px; float: left; width: 100%;
                          height: auto; box-sizing: border-box; margin: 0;">
                            <div class="stat-widget-one">
                                <div class="stat-icon bg-mauve-light d-flex justify-content-left align-items-left">
                                    <div style="background:#ff4d94; width:65px; text-align: center;">
                                        <i class="fa fa-sign-in text-mauve"
                                           style="font-size:50px;"/>
                                    </div>
                                    <div class="stat_content" style="
                                  text-align: center; font-weight: bold;
                                  padding-top: 20px; padding-left: 80px;">
                                        <div class="stat_count_lead"
                                             style="font-size: 17px;">
                                            <span id="templates">
                                                <div id="stock_incoming"/>
                                                <t t-esc="this.state.fetch_data.stock_incoming"/>
                                            </span>
                                        </div>
                                        <div class="stat-head"
                                             style="font-size: 14px;">Incoming Stock
                                        </div>
                                    </div>
                                </div>
                            </div>
                        </div>
                    </div>
                </div>

                <!--outgoing stock product wise Tile-->
                <div id="outgoing_tile" class="col-md-4 col-sm-6 tot_tasks oh-payslip"
                     style=" overflow: hidden; padding-top: 30px;" t-on-click="redirectToOutgoing">
                    <div class="oh-card" style="box-shadow:2px 4px 8px 2px rgba(0,0,0.3,0.2);
                display: flex; justify-content: center;" role="button">
                        <div class="oh-card-body"
                             style="padding: 5px 5px; float: left; width: 100%;
                          height: auto; box-sizing: border-box; margin: 0;">
                            <div class="stat-widget-one">
                                <div class="stat-icon bg-mauve-light d-flex justify-content-left align-items-left">
                                    <div style="background:yellow; width:65px; text-align: center;">
                                        <i class="fa fa-sign-out text-mauve"
                                           style="font-size:50px;"/>
                                    </div>
                                    <div class="stat-content" style="
                                  text-align: center; font-weight: bold;
                                  padding-top: 20px; padding-left: 80px;">
                                        <div class="stat_count_opp"
                                             style="font-size: 17px;">
                                            <span id="templates">
                                                <div id="stock_outgoing"/>
                                                <t t-esc="this.state.fetch_data.stock_outgoing"/>
                                            </span>
                                        </div>
                                        <div class="stat-head"
                                             style="font-size: 14px;">Outgoing Stock
                                        </div>
                                    </div>
                                </div>
                            </div>
                        </div>
                    </div>
                </div>

                <!--internal transfer product wise Tile-->
                <div id="internal_transfer_tile"
                     class="col-md-4 col-sm-6 tot_tasks oh-payslip"
                     style=" overflow: hidden; padding-top: 30px;" t-on-click="redirectToInternalTransfer">
                    <div class="oh-card" style="box-shadow:2px 4px 8px 2px rgba(0,0,0.3,0.2);
                display: flex; justify-content: center;" role="button">
                        <div class="oh-card-body"
                             style="padding: 5px 5px; float: left; width: 100%;
                          height: auto; box-sizing: border-box; margin: 0;">
                            <div class="stat-widget-one">
                                <div class="stat-icon bg-mauve-light d-flex justify-content-left align-items-left">
                                    <div style="background:#bf80ff;; width:65px; text-align: center;">
                                        <i class="fa fa-exchange text-mauve"
                                           style="font-size:50px;"/>
                                    </div>
                                    <div class="stat-content" style="
                                  text-align: center; font-weight: bold;
                                  padding-top: 20px; padding-left: 80px;">
                                        <div class="stat_count_ex_rev"
                                             style="font-size: 17px;">
                                            <span id="templates">
                                                <div id="stock_internal"/>
                                                <t t-esc="this.state.fetch_data.stock_internal"/>
                                            </span>
                                        </div>
                                        <div class="stat-head"
                                             style="font-size: 14px;">Internal Transfer
                                        </div>
                                    </div>
                                </div>
                            </div>
                        </div>
                    </div>
                </div>
            </div>&#x2063;

            <!-- Average Expense bar chart-->
            <div class="year_to_date_graph_div col-sm-12 col-md-6 my-4"
                 style="width:90%;">
                <div class="chart-container card-shadow" id="tiles">
                    <div style="height: 20px; max-height: 20px; text-align:center;">
                        <h2 style="margin-top:30px;text-align:center; ">Average Product Price</h2>
                    </div>
                    <div class="graph_canvas" style="margin-top: 30px;">
                        <canvas id="canvas_bar" height="50px" t-ref="data_bar"
                                width="150px"/>
                    </div>
                </div>
            </div>

            <!--   stock moves by location pie chart  -->
            <div class="d-flex flex-row align-items-center" style="max-width:100vh;">
                <div class="year_to_date_graph_div col-sm-12 col-md-6 my-4"
                     style="height: 400px; width: 400px; margin-left:100px;">
                    <div class="chart-container card-shadow" id="tiles" style="display: inline-block; float: left;">
                        <div style="height: 20px; max-height: 20px; text-align:center;">
                            <h2>Stock Moves By Location</h2>
                        </div>
                        <div class="graph_canvas" style="margin-top: 30px;">
                            <canvas id="canvas_pie" t-ref="data_pie"
                                    style="height: 400px; width: 400px;"/>
                        </div>
                    </div>
                </div>

                <!-- stock valuation doughnut chart-->
                <div class="year_to_date_graph_div col-sm-12 col-md-6 my-4"
                     style="height: 400px; width: 400px; margin-left:500px;">
                    <div class="chart-container card-shadow" id="tiles" style="display: inline-block; float: right;">
                        <div style="height: 20px; max-height: 20px; text-align:center;">
                            <h2>Inventory Stock Valuation</h2>
                        </div>
                        <div class="graph_canvas" style="margin-top: 30px;">
                            <canvas id="canvas_doughnut" t-ref="data_doughnut"
                                    style="height: 400px; width: 400px;"/>
                        </div>
                    </div>
                </div>

            </div>

            <!-- warehouse location table-->
            <div class="year_to_date_graph_div col-sm-12 col-md-6 my-4 " style="margin-left:500px;">
                <div class="chart-container card-shadow" id="tiles" style="float:right;">
                    <table style="margin-top: 30px;"
                           class="table table-hover" id="location_table">
                        <thead>
                            <tr>
                                <th>
                                    <h3>Warehouse Location</h3>
                                </th>
                                <th>
                                    <h3>On Hand Quantity
                                    </h3>
                                </th>
                            </tr>
                        </thead>
                        <tbody class="storage">
                            <t t-foreach="this.state.location_data"
                               t-as="location" t-key="location_index">
                                <tr>
                                    <td>
                                        <t t-out="location"/>
                                    </td>
                                    <td>
                                        <t t-esc="this.state.location_data[location]"/>
                                    </td>
                                </tr>
                            </t>
                        </tbody>
                    </table>
                </div>
            </div>

            <div class="d-flex flex-row align-items-center" style="max-width:100vh; margin-left:50px;">
                <div class="year_to_date_graph_div col-sm-12 col-md-6 my-4"
                     style="width:60%;">
                    <div class="chart-container card-shadow" id="tiles">
                        <div style="height: 20px; max-height: 20px; text-align:center;">
                            <h2>Product Move Chart</h2>
                        </div>
                        <div class="graph_canvas" style="margin-top: 30px;">
                            <canvas id="product_move_bar" height="150px" t-ref="data_line"
                                    width="200px"/>
                        </div>
                    </div>
                </div>
            </div>
            <br/>
            <br/>
        </div>
    </t>
</templates>
